c,h,l,n,o,t,v,vw
62.64,78.96,54.6,10457,59.4,2020-09-25T04:00:00Z,189624,64.47
57.48,62.14,50.46,2265,60.12,2020-09-28T04:00:00Z,32401,56.95
54.0,57.24,51.6,922,57.0,2020-09-29T04:00:00Z,12862,53.41
52.8,55.08,51.0,761,55.08,2020-09-30T04:00:00Z,7576,52.65
52.2,56.28,51.12,749,56.28,2020-10-01T04:00:00Z,7050,53.88
57.24,59.4,50.52,805,52.2,2020-10-02T04:00:00Z,10607,54.74
53.64,60.0,53.16,663,60.0,2020-10-05T04:00:00Z,6772,58.19
57.0,59.28,54.24,736,57.0,2020-10-06T04:00:00Z,6960,57.23
56.4,58.44,55.32,694,58.44,2020-10-07T04:00:00Z,5107,56.62
54.24,56.4,51.6,642,55.92,2020-10-08T04:00:00Z,5722,54.46
56.16,57.6,51.6,495,54.48,2020-10-09T04:00:00Z,6244,55.01
55.08,57.0,53.4,343,56.52,2020-10-12T04:00:00Z,3839,54.69
50.52,55.08,50.4,322,54.96,2020-10-13T04:00:00Z,3835,52.18
54.72,56.52,50.4,471,53.04,2020-10-14T04:00:00Z,6112,52.81
51.72,55.8,50.88,567,52.44,2020-10-15T04:00:00Z,9844,52.73
51.6,53.4,51.24,146,51.96,2020-10-16T04:00:00Z,1318,52.0
52.08,52.8,47.76,683,51.6,2020-10-19T04:00:00Z,7637,50.28
52.56,54.0,48.9,419,51.6,2020-10-20T04:00:00Z,5059,51.51
52.08,54.54,49.8,651,54.0,2020-10-21T04:00:00Z,5075,51.43
53.64,53.64,49.56,335,50.76,2020-10-22T04:00:00Z,5363,52.11
53.68,57.6,52.08,491,55.8,2020-10-23T04:00:00Z,5060,54.42
50.4,53.4,49.32,393,52.8,2020-10-26T04:00:00Z,3624,50.53
52.08,57.6,49.32,553,51.6,2020-10-27T04:00:00Z,6292,53.23
50.4,53.16,47.88,781,50.88,2020-10-28T04:00:00Z,4536,50.57
51.36,51.72,48.6,202,51.6,2020-10-29T04:00:00Z,2736,50.52
51.0,52.56,49.44,146,52.56,2020-10-30T04:00:00Z,1360,50.75
50.52,52.44,48.6,128,48.92,2020-11-02T05:00:00Z,1065,50.29
49.92,50.79,49.78,80,49.78,2020-11-03T05:00:00Z,453,50.16
49.68,54.12,49.2,136,51.6,2020-11-04T05:00:00Z,1899,50.37
49.2,50.8,48.48,107,49.14,2020-11-05T05:00:00Z,557,49.31
49.44,50.81,49.08,152,49.08,2020-11-06T05:00:00Z,1144,50.05
49.44,50.64,43.8,477,50.64,2020-11-09T05:00:00Z,5615,46.63
49.2,49.68,48.48,194,49.2,2020-11-10T05:00:00Z,1933,48.49
49.68,50.58,45.48,213,49.2,2020-11-11T05:00:00Z,2600,48.98
49.08,50.4,46.08,253,50.4,2020-11-12T05:00:00Z,3533,48.2
52.44,52.44,49.8,317,49.8,2020-11-13T05:00:00Z,6133,50.93
57.6,58.13,54.84,670,57.6,2020-11-16T05:00:00Z,13716,56.34
57.48,57.6,55.2,225,57.48,2020-11-17T05:00:00Z,2643,56.92
58.68,59.88,52.81,736,57.0,2020-11-18T05:00:00Z,12029,56.93
61.32,61.32,56.52,334,60.0,2020-11-19T05:00:00Z,5392,59.44
59.04,63.0,57.24,499,62.28,2020-11-20T05:00:00Z,5104,61.12
59.88,62.4,58.08,176,61.92,2020-11-23T05:00:00Z,2449,60.26
55.68,58.8,54.12,237,58.8,2020-11-24T05:00:00Z,2523,56.71
55.2,59.76,54.72,269,59.76,2020-11-25T05:00:00Z,4023,56.91
55.2,56.88,54.72,63,55.08,2020-11-27T05:00:00Z,416,55.56
54.24,55.73,54.0,177,55.2,2020-11-30T05:00:00Z,1037,54.57
52.89,54.96,52.2,177,54.24,2020-12-01T05:00:00Z,1568,53.5
59.28,64.48,50.76,664,51.96,2020-12-02T05:00:00Z,11641,58.78
59.52,60.0,54.0,348,60.0,2020-12-03T05:00:00Z,5188,56.83
61.56,61.56,55.1,357,60.0,2020-12-04T05:00:00Z,4319,59.79
58.8,62.28,56.46,341,62.28,2020-12-07T05:00:00Z,2262,59.28
60.0,60.0,54.12,284,56.4,2020-12-08T05:00:00Z,2140,58.32
58.68,59.43,55.2,272,59.4,2020-12-09T05:00:00Z,3136,57.73
56.76,57.24,55.32,197,57.24,2020-12-10T05:00:00Z,1483,56.52
57.36,57.36,54.48,126,56.08,2020-12-11T05:00:00Z,596,55.79
56.4,60.0,54.36,352,58.08,2020-12-14T05:00:00Z,2640,57.12
56.4,58.56,54.84,413,57.55,2020-12-15T05:00:00Z,1892,56.45
55.44,57.0,54.19,226,54.84,2020-12-16T05:00:00Z,2446,55.42
64.8,67.8,55.56,1715,55.56,2020-12-17T05:00:00Z,34127,63.49
61.2,75.48,60.0,1126,69.0,2020-12-18T05:00:00Z,21432,67.82
57.12,61.2,57.0,338,60.04,2020-12-21T05:00:00Z,4820,58.42
55.8,59.28,55.8,234,57.0,2020-12-22T05:00:00Z,2795,56.99
56.04,60.12,55.56,228,57.96,2020-12-23T05:00:00Z,2511,57.66
56.76,57.36,56.04,91,56.4,2020-12-24T05:00:00Z,1206,56.78
58.68,63.0,58.68,451,61.2,2020-12-28T05:00:00Z,5139,60.64
50.16,60.84,48.48,741,59.4,2020-12-29T05:00:00Z,9764,52.22
59.88,59.88,51.0,490,51.12,2020-12-30T05:00:00Z,5291,55.07
58.2,59.64,57.96,156,58.8,2020-12-31T05:00:00Z,1044,58.77
54.12,58.86,54.0,248,58.2,2021-01-04T05:00:00Z,3079,55.8
54.12,55.92,52.8,104,53.88,2021-01-05T05:00:00Z,811,53.99
52.08,55.44,52.08,137,54.6,2021-01-06T05:00:00Z,1364,53.42
52.32,54.84,52.2,88,52.2,2021-01-07T05:00:00Z,1085,53.57
55.08,55.8,52.68,185,52.68,2021-01-08T05:00:00Z,2477,54.6
53.88,54.57,53.04,82,53.04,2021-01-11T05:00:00Z,1077,53.71
54.84,55.68,53.76,117,53.76,2021-01-12T05:00:00Z,750,54.65
54.96,54.96,53.64,59,53.64,2021-01-13T05:00:00Z,331,54.09
55.5,55.8,54.27,112,55.2,2021-01-14T05:00:00Z,1349,55.43
54.0,55.65,52.56,100,54.6,2021-01-15T05:00:00Z,1321,54.37
54.0,55.68,54.0,77,55.68,2021-01-19T05:00:00Z,1030,54.97
52.14,54.0,51.84,147,54.0,2021-01-20T05:00:00Z,1622,52.83
53.16,53.39,52.08,88,52.08,2021-01-21T05:00:00Z,1060,52.67
51.6,53.04,51.48,95,53.04,2021-01-22T05:00:00Z,615,52.21
50.46,51.9,49.2,317,50.64,2021-01-25T05:00:00Z,4584,50.46
54.0,54.84,51.12,248,51.6,2021-01-26T05:00:00Z,4068,53.07
49.92,54.42,49.2,210,52.32,2021-01-27T05:00:00Z,2925,50.91
50.64,51.6,50.4,124,51.0,2021-01-28T05:00:00Z,423,50.71
53.04,108.72,49.44,13567,50.16,2021-01-29T05:00:00Z,200845,79.21
62.04,66.6,55.44,2857,60.36,2021-02-01T05:00:00Z,39112,61.68
64.56,64.8,59.4,880,60.0,2021-02-02T05:00:00Z,17860,62.61
65.88,69.36,62.16,464,65.4,2021-02-03T05:00:00Z,8788,65.36
74.4,80.28,66.22,860,66.72,2021-02-04T05:00:00Z,13469,72.47
75.84,83.4,73.56,784,78.0,2021-02-05T05:00:00Z,10399,77.71
71.52,76.76,67.2,711,74.4,2021-02-08T05:00:00Z,8756,71.64
71.16,71.16,67.44,286,70.8,2021-02-09T05:00:00Z,2527,69.79
67.56,72.44,64.44,436,71.88,2021-02-10T05:00:00Z,4401,68.81
66.0,69.24,64.08,323,67.32,2021-02-11T05:00:00Z,2475,67.7
67.8,69.0,66.0,181,66.24,2021-02-12T05:00:00Z,1661,68.32
85.32,96.0,72.6,2826,73.68,2021-02-16T05:00:00Z,50041,84.14
89.88,92.76,80.54,685,85.32,2021-02-17T05:00:00Z,10420,84.93
90.6,91.56,84.96,491,90.24,2021-02-18T05:00:00Z,8184,88.88
102.0,107.18,87.6,1471,91.08,2021-02-19T05:00:00Z,17908,100.81
96.48,102.36,94.68,557,102.0,2021-02-22T05:00:00Z,8489,98.05
84.24,91.2,84.0,436,89.16,2021-02-23T05:00:00Z,7272,85.93
84.84,89.99,84.84,296,86.04,2021-02-24T05:00:00Z,2929,87.49
79.2,91.08,79.2,340,86.28,2021-02-25T05:00:00Z,2059,84.85
73.32,80.52,72.0,295,78.0,2021-02-26T05:00:00Z,4739,75.56
72.48,74.28,70.2,382,74.28,2021-03-01T05:00:00Z,3689,71.95
77.4,77.88,74.04,269,74.04,2021-03-02T05:00:00Z,3317,76.12
76.8,81.6,72.6,252,77.28,2021-03-03T05:00:00Z,2096,77.33
62.4,77.88,60.96,669,77.04,2021-03-04T05:00:00Z,9007,66.95
70.44,72.24,61.56,670,62.04,2021-03-05T05:00:00Z,8661,69.23
76.92,78.0,72.24,624,72.6,2021-03-08T05:00:00Z,5504,75.97
67.08,77.52,65.36,597,77.04,2021-03-09T05:00:00Z,8955,68.66
68.76,72.27,66.6,295,67.2,2021-03-10T05:00:00Z,3248,67.96
66.72,71.52,66.0,240,68.88,2021-03-11T05:00:00Z,1674,67.43
68.16,69.31,65.89,234,65.89,2021-03-12T05:00:00Z,1734,67.89
67.2,68.88,66.12,204,66.12,2021-03-15T04:00:00Z,1770,67.05
65.4,69.96,63.96,312,68.28,2021-03-16T04:00:00Z,3426,67.21
63.12,67.54,63.0,303,63.12,2021-03-17T04:00:00Z,1991,64.01
61.92,65.88,61.92,390,63.84,2021-03-18T04:00:00Z,3622,63.56
60.6,64.5,60.6,369,62.76,2021-03-19T04:00:00Z,4624,61.65
58.56,64.2,58.56,315,62.04,2021-03-22T04:00:00Z,2192,60.29
60.0,63.24,60.0,439,62.04,2021-03-23T04:00:00Z,6447,60.36
61.68,62.88,58.8,310,60.0,2021-03-24T04:00:00Z,5030,61.09
58.92,61.2,58.2,282,61.2,2021-03-25T04:00:00Z,4188,59.21
57.96,60.0,57.0,171,60.0,2021-03-26T04:00:00Z,2590,58.31
55.56,57.39,55.08,200,57.39,2021-03-29T04:00:00Z,1531,56.23
50.76,54.84,49.56,560,54.84,2021-03-30T04:00:00Z,9685,51.52
49.68,52.86,48.12,499,51.0,2021-03-31T04:00:00Z,8824,50.34
49.92,51.0,48.6,476,49.8,2021-04-01T04:00:00Z,6640,49.71
50.52,51.6,49.5,326,51.24,2021-04-05T04:00:00Z,5579,50.54
48.0,50.4,47.76,1566,50.04,2021-04-06T04:00:00Z,32701,50.23
46.8,47.76,43.49,844,47.76,2021-04-07T04:00:00Z,16909,45.86
43.2,46.08,40.32,1888,46.08,2021-04-08T04:00:00Z,36168,43.35
43.56,44.88,42.0,306,44.16,2021-04-09T04:00:00Z,5408,42.98
38.64,42.96,38.64,482,42.96,2021-04-12T04:00:00Z,9146,40.46
37.2,40.2,36.72,304,36.72,2021-04-13T04:00:00Z,7856,38.7
39.6,40.39,37.44,508,37.8,2021-04-14T04:00:00Z,5819,40.86
38.4,41.28,38.4,522,41.16,2021-04-15T04:00:00Z,7556,39.33
32.88,38.88,32.16,902,37.92,2021-04-16T04:00:00Z,13288,34.16
33.12,34.92,32.4,707,33.6,2021-04-19T04:00:00Z,10901,33.32
32.52,34.5,32.28,250,33.6,2021-04-20T04:00:00Z,2838,32.98
35.16,35.88,32.4,353,32.4,2021-04-21T04:00:00Z,8493,34.71
35.76,37.56,35.28,343,36.12,2021-04-22T04:00:00Z,4484,36.59
36.0,36.6,35.58,161,36.0,2021-04-23T04:00:00Z,2003,35.86
35.4,37.17,35.04,297,35.64,2021-04-26T04:00:00Z,5409,35.75
35.28,37.44,34.8,400,37.44,2021-04-27T04:00:00Z,6123,36.06
34.68,35.28,33.72,178,35.28,2021-04-28T04:00:00Z,2049,34.63
30.96,35.76,30.39,600,35.4,2021-04-29T04:00:00Z,9298,32.45
33.84,34.5,30.48,433,30.48,2021-04-30T04:00:00Z,8319,32.71
34.68,36.0,33.6,476,34.8,2021-05-03T04:00:00Z,9226,34.77
33.48,41.75,32.52,2182,37.44,2021-05-04T04:00:00Z,46672,36.7
31.2,33.48,30.48,530,33.0,2021-05-05T04:00:00Z,10439,32.0
31.32,33.36,30.96,439,31.8,2021-05-06T04:00:00Z,11329,31.98
32.4,33.05,30.6,318,30.96,2021-05-07T04:00:00Z,7571,32.36
30.48,33.01,29.97,366,33.0,2021-05-10T04:00:00Z,6448,30.68
27.24,30.0,24.24,474,26.52,2021-05-11T04:00:00Z,11417,27.48
25.2,30.24,24.6,393,27.84,2021-05-12T04:00:00Z,7886,26.72
26.28,27.24,25.2,919,27.24,2021-05-13T04:00:00Z,16769,27.54
28.56,29.76,26.64,637,27.72,2021-05-14T04:00:00Z,10820,28.31
26.16,28.59,26.16,275,28.56,2021-05-17T04:00:00Z,5576,26.66
26.28,26.64,25.8,272,25.8,2021-05-18T04:00:00Z,8030,26.13
27.24,27.96,25.29,776,25.92,2021-05-19T04:00:00Z,20339,26.58
26.64,26.88,25.92,365,26.52,2021-05-20T04:00:00Z,8252,26.47
26.46,27.0,25.92,154,26.52,2021-05-21T04:00:00Z,2507,26.31
26.52,27.48,25.44,322,27.0,2021-05-24T04:00:00Z,6433,26.25
27.48,27.6,26.16,245,26.64,2021-05-25T04:00:00Z,3818,26.84
28.2,28.8,26.4,315,27.36,2021-05-26T04:00:00Z,6032,27.27
28.5,30.0,27.42,395,28.68,2021-05-27T04:00:00Z,5781,28.81
28.68,29.28,27.84,287,28.56,2021-05-28T04:00:00Z,6403,28.56
30.36,31.2,28.32,466,29.28,2021-06-01T04:00:00Z,13989,30.2
29.87,30.6,29.16,364,30.48,2021-06-02T04:00:00Z,10072,30.01
27.48,30.48,27.0,365,29.04,2021-06-03T04:00:00Z,12101,28.45
27.6,28.14,27.36,142,27.96,2021-06-04T04:00:00Z,1962,27.87
26.76,28.08,25.92,401,28.08,2021-06-07T04:00:00Z,9122,26.9
26.88,27.48,26.64,288,27.0,2021-06-08T04:00:00Z,3606,27.23
26.52,28.44,26.16,481,27.48,2021-06-09T04:00:00Z,12407,27.52
33.24,53.16,25.92,94227,26.64,2021-06-10T04:00:00Z,2730103,41.29
38.4,54.0,35.52,190762,50.16,2021-06-11T04:00:00Z,3566907,47.36
34.8,38.64,33.72,16084,38.29,2021-06-14T04:00:00Z,310127,35.8
32.04,34.68,31.2,5745,34.68,2021-06-15T04:00:00Z,120753,32.26
33.48,34.56,30.72,4215,31.92,2021-06-16T04:00:00Z,109100,32.63
33.36,33.36,31.2,3377,32.64,2021-06-17T04:00:00Z,74432,32.13
30.96,32.32,29.76,3876,31.68,2021-06-18T04:00:00Z,94071,30.83
29.52,30.72,28.56,2327,29.76,2021-06-21T04:00:00Z,61654,29.39
28.92,29.26,27.84,2147,29.16,2021-06-22T04:00:00Z,64176,28.48
30.84,31.08,28.08,2194,28.32,2021-06-23T04:00:00Z,69642,29.77
30.48,31.68,29.04,1837,30.24,2021-06-24T04:00:00Z,43578,30.64
30.36,31.3,29.52,1122,30.12,2021-06-25T04:00:00Z,30702,30.1
30.84,31.68,29.28,3300,30.36,2021-06-28T04:00:00Z,91564,33.16
37.32,40.2,32.4,25996,33.6,2021-06-29T04:00:00Z,880288,36.73
33.0,36.26,31.2,6240,36.26,2021-06-30T04:00:00Z,167466,33.73
30.12,32.4,30.0,2506,32.16,2021-07-01T04:00:00Z,69147,31.3
28.56,30.72,27.36,3289,30.0,2021-07-02T04:00:00Z,81420,28.54
34.2,36.84,27.72,8758,28.56,2021-07-06T04:00:00Z,270407,32.76
29.28,33.06,28.56,3293,32.47,2021-07-07T04:00:00Z,98375,29.88
28.68,29.4,27.24,1409,27.84,2021-07-08T04:00:00Z,43985,28.43
28.08,29.76,26.76,3559,28.92,2021-07-09T04:00:00Z,86598,27.83
27.6,29.52,27.36,1820,28.56,2021-07-12T04:00:00Z,43038,28.16
26.28,28.08,26.16,1479,27.36,2021-07-13T04:00:00Z,49159,26.99
26.04,26.88,25.8,1245,26.16,2021-07-14T04:00:00Z,28499,26.19
25.68,26.76,25.2,1216,26.28,2021-07-15T04:00:00Z,30686,25.94
25.32,25.92,24.72,898,25.8,2021-07-16T04:00:00Z,20889,25.36
25.92,26.16,24.24,866,24.72,2021-07-19T04:00:00Z,16489,25.21
26.88,29.04,25.38,2213,25.56,2021-07-20T04:00:00Z,54858,27.53
27.24,27.6,26.52,874,26.74,2021-07-21T04:00:00Z,20323,27.12
26.64,27.84,25.68,1015,27.48,2021-07-22T04:00:00Z,27006,26.75
24.36,26.64,24.24,1252,26.28,2021-07-23T04:00:00Z,27517,25.01
25.92,27.46,24.33,1434,27.46,2021-07-26T04:00:00Z,38000,25.19
25.44,26.4,24.24,876,25.92,2021-07-27T04:00:00Z,14104,24.97
25.56,26.28,24.48,717,25.2,2021-07-28T04:00:00Z,20596,25.49
25.2,25.54,24.72,442,25.2,2021-07-29T04:00:00Z,8095,25.11
24.96,25.92,24.66,501,24.96,2021-07-30T04:00:00Z,9607,24.97
25.56,25.92,24.72,649,24.72,2021-08-02T04:00:00Z,10655,25.45
26.16,26.16,24.41,531,25.32,2021-08-03T04:00:00Z,17001,25.37
24.96,25.8,24.84,492,25.56,2021-08-04T04:00:00Z,9952,25.19
25.2,25.56,24.72,444,24.96,2021-08-05T04:00:00Z,11063,25.07
25.08,25.68,24.6,560,25.32,2021-08-06T04:00:00Z,10840,25.04
25.56,26.28,24.84,763,24.96,2021-08-09T04:00:00Z,20922,25.34
26.64,27.12,25.56,945,25.92,2021-08-10T04:00:00Z,21188,26.26
27.24,27.84,26.16,972,26.4,2021-08-11T04:00:00Z,17827,27.06
26.16,27.24,25.8,565,26.88,2021-08-12T04:00:00Z,10710,26.53
25.2,26.4,25.2,572,26.16,2021-08-13T04:00:00Z,10303,25.62
24.84,25.49,24.36,652,25.2,2021-08-16T04:00:00Z,24562,24.89
22.2,24.84,21.6,1616,24.84,2021-08-17T04:00:00Z,45895,22.82
22.32,23.52,22.2,542,22.56,2021-08-18T04:00:00Z,10160,22.83
20.88,21.84,20.04,747,21.6,2021-08-19T04:00:00Z,19099,21.08
20.76,22.2,20.64,809,20.88,2021-08-20T04:00:00Z,27479,21.58
21.48,22.68,20.76,1251,20.76,2021-08-23T04:00:00Z,28054,21.86
22.32,23.04,21.28,627,21.72,2021-08-24T04:00:00Z,12637,22.17
23.04,23.52,21.96,536,22.56,2021-08-25T04:00:00Z,11288,22.95
23.4,23.76,22.59,380,22.8,2021-08-26T04:00:00Z,6029,23.33
24.12,24.96,23.52,668,24.48,2021-08-27T04:00:00Z,16157,24.25
24.48,24.96,23.28,584,23.88,2021-08-30T04:00:00Z,12042,24.27
24.12,24.72,23.04,798,24.6,2021-08-31T04:00:00Z,19278,23.93
23.64,24.6,23.64,436,24.0,2021-09-01T04:00:00Z,4406,24.09
23.88,24.52,23.76,393,24.0,2021-09-02T04:00:00Z,13503,24.11
24.12,24.48,23.68,418,24.0,2021-09-03T04:00:00Z,4936,24.24
23.64,26.4,23.4,1491,23.76,2021-09-07T04:00:00Z,39305,25.12
23.28,24.24,22.32,874,24.24,2021-09-08T04:00:00Z,17740,22.95
23.76,24.48,22.92,836,22.92,2021-09-09T04:00:00Z,41133,24.06
24.24,24.48,23.28,495,23.88,2021-09-10T04:00:00Z,12042,24.11
23.64,24.0,23.52,380,23.76,2021-09-13T04:00:00Z,9611,23.77
22.8,23.97,22.56,431,23.4,2021-09-14T04:00:00Z,10522,23.09
21.6,23.4,21.6,703,22.44,2021-09-15T04:00:00Z,19498,22.48
22.08,22.44,21.6,387,21.72,2021-09-16T04:00:00Z,4393,21.94
21.6,23.16,21.6,757,22.2,2021-09-17T04:00:00Z,23722,22.14
20.4,22.68,20.4,1147,21.48,2021-09-20T04:00:00Z,21695,21.03
20.76,22.08,20.52,535,20.97,2021-09-21T04:00:00Z,9126,21.14
21.12,21.6,20.76,399,20.88,2021-09-22T04:00:00Z,7114,21.17
22.32,22.68,21.12,400,21.72,2021-09-23T04:00:00Z,7414,22.01
21.36,22.8,21.08,591,22.2,2021-09-24T04:00:00Z,7677,22.01
21.84,22.32,21.12,652,21.36,2021-09-27T04:00:00Z,14469,21.9
21.36,21.96,21.24,239,21.24,2021-09-28T04:00:00Z,2039,21.53
20.76,21.96,20.4,559,21.24,2021-09-29T04:00:00Z,11489,20.94
21.72,21.84,20.64,193,20.64,2021-09-30T04:00:00Z,2168,21.29
21.48,23.16,21.24,735,21.84,2021-10-01T04:00:00Z,21832,22.17
20.76,21.48,20.4,500,21.24,2021-10-04T04:00:00Z,15098,20.88
20.4,21.48,20.16,352,20.76,2021-10-05T04:00:00Z,5701,20.7
19.98,20.55,19.8,230,20.28,2021-10-06T04:00:00Z,4542,20.08
20.28,20.88,20.04,365,20.04,2021-10-07T04:00:00Z,5043,20.46
19.92,20.83,19.8,296,20.28,2021-10-08T04:00:00Z,4287,20.21
19.68,20.28,19.2,412,20.16,2021-10-11T04:00:00Z,8110,19.72
19.08,19.92,18.9,412,19.68,2021-10-12T04:00:00Z,7409,19.23
21.12,21.48,19.08,1008,19.08,2021-10-13T04:00:00Z,34957,20.25
22.32,22.8,21.0,516,21.0,2021-10-14T04:00:00Z,13627,21.96
21.48,22.8,21.0,263,22.32,2021-10-15T04:00:00Z,9467,21.75
22.2,23.4,21.12,492,21.24,2021-10-18T04:00:00Z,11538,22.31
22.08,23.4,21.48,327,21.48,2021-10-19T04:00:00Z,5200,21.79
22.68,23.64,21.36,278,22.68,2021-10-20T04:00:00Z,6876,22.35
21.72,22.77,21.24,246,22.68,2021-10-21T04:00:00Z,4341,22.06
20.52,21.6,20.4,370,21.6,2021-10-22T04:00:00Z,5666,21.0
21.12,21.48,20.04,317,20.28,2021-10-25T04:00:00Z,5176,20.51
21.0,21.12,20.16,343,20.76,2021-10-26T04:00:00Z,5184,20.57
19.92,21.47,19.8,310,21.12,2021-10-27T04:00:00Z,5115,20.3
19.56,20.52,19.56,329,19.92,2021-10-28T04:00:00Z,6428,20.01
19.8,21.48,19.08,858,19.56,2021-10-29T04:00:00Z,24654,20.17
20.64,22.56,19.92,939,22.08,2021-11-01T04:00:00Z,18108,20.63
20.52,21.18,19.93,518,20.28,2021-11-02T04:00:00Z,10306,20.56
20.28,21.36,19.8,629,20.52,2021-11-03T04:00:00Z,12872,20.44
20.04,20.76,19.8,420,20.16,2021-11-04T04:00:00Z,11229,20.35
19.86,20.4,19.44,368,20.04,2021-11-05T04:00:00Z,6555,19.74
18.72,20.28,18.12,1064,20.28,2021-11-08T05:00:00Z,24952,18.87
17.88,18.96,17.76,613,18.36,2021-11-09T05:00:00Z,13780,18.22
17.4,18.12,16.92,406,18.12,2021-11-10T05:00:00Z,9144,17.61
17.28,17.52,17.04,261,17.4,2021-11-11T05:00:00Z,6359,17.33
16.92,17.34,16.8,422,17.16,2021-11-12T05:00:00Z,6262,16.97
16.68,17.52,16.32,588,17.52,2021-11-15T05:00:00Z,14394,16.9
16.44,16.92,16.32,322,16.44,2021-11-16T05:00:00Z,6239,16.51
15.96,16.8,15.84,394,16.32,2021-11-17T05:00:00Z,9397,16.13
15.6,15.96,14.89,495,15.96,2021-11-18T05:00:00Z,11647,15.29
15.72,15.96,14.88,492,15.24,2021-11-19T05:00:00Z,11869,15.42
15.96,16.44,15.36,441,15.36,2021-11-22T05:00:00Z,8011,15.74
15.96,16.44,15.12,386,15.96,2021-11-23T05:00:00Z,10058,15.66
16.08,16.32,15.16,315,15.84,2021-11-24T05:00:00Z,8511,15.8
16.2,16.2,15.12,216,15.36,2021-11-26T05:00:00Z,4667,15.5
16.08,16.32,15.0,592,15.96,2021-11-29T05:00:00Z,16180,15.53
14.4,15.96,13.92,457,15.96,2021-11-30T05:00:00Z,12130,14.54
14.04,15.0,13.93,297,14.52,2021-12-01T05:00:00Z,4919,14.53
13.44,13.92,12.72,726,13.68,2021-12-02T05:00:00Z,14949,13.12
13.2,16.8,12.72,1144,13.32,2021-12-03T05:00:00Z,45032,14.37
13.2,13.68,12.96,439,13.32,2021-12-06T05:00:00Z,7839,13.25
14.64,15.24,12.96,1338,13.68,2021-12-07T05:00:00Z,52830,14.09
15.24,15.84,14.28,734,14.52,2021-12-08T05:00:00Z,24210,15.04
15.24,15.9,14.73,304,15.6,2021-12-09T05:00:00Z,10412,15.24
14.52,15.0,13.92,289,14.76,2021-12-10T05:00:00Z,7704,14.41
13.56,14.76,13.32,342,14.4,2021-12-13T05:00:00Z,8161,13.88
13.8,14.28,13.56,265,13.8,2021-12-14T05:00:00Z,4116,13.91
12.84,13.92,12.6,421,13.56,2021-12-15T05:00:00Z,8275,13.15
13.8,14.76,12.96,510,12.96,2021-12-16T05:00:00Z,10260,14.04
13.2,14.04,12.96,352,13.56,2021-12-17T05:00:00Z,8765,13.34
14.88,15.96,12.72,3143,13.08,2021-12-20T05:00:00Z,166699,14.4
13.68,14.76,13.32,700,14.52,2021-12-21T05:00:00Z,27014,13.98
13.56,14.16,12.96,435,13.68,2021-12-22T05:00:00Z,12023,13.65
13.08,13.5,12.6,683,13.32,2021-12-23T05:00:00Z,14537,13.02
12.24,13.08,11.79,693,12.96,2021-12-27T05:00:00Z,20562,12.44
11.4,12.24,10.78,886,12.0,2021-12-28T05:00:00Z,39027,11.49
12.36,13.08,11.04,699,11.04,2021-12-29T05:00:00Z,16873,12.03
12.36,12.84,12.12,408,12.72,2021-12-30T05:00:00Z,8838,12.35
12.36,12.36,11.07,681,12.0,2021-12-31T05:00:00Z,25512,11.84
13.2,13.8,12.12,1033,12.72,2022-01-03T05:00:00Z,49280,13.13
12.6,13.08,12.36,224,12.96,2022-01-04T05:00:00Z,5569,12.69
13.32,13.71,12.24,888,12.36,2022-01-05T05:00:00Z,52392,13.39
13.44,13.68,12.48,591,13.56,2022-01-06T05:00:00Z,22057,13.16
12.72,13.56,12.66,789,13.32,2022-01-07T05:00:00Z,40680,12.93
11.04,12.96,10.73,824,12.96,2022-01-10T05:00:00Z,26397,11.3
12.0,12.48,10.59,592,10.8,2022-01-11T05:00:00Z,23367,11.61
12.24,13.08,11.35,1341,12.0,2022-01-12T05:00:00Z,83383,12.7
12.84,15.12,12.36,3730,12.6,2022-01-13T05:00:00Z,193145,13.66
12.48,12.84,11.54,1235,12.72,2022-01-14T05:00:00Z,50578,12.2
13.2,14.52,12.6,6225,13.2,2022-01-18T05:00:00Z,290764,13.44
13.56,14.16,12.6,1467,12.96,2022-01-19T05:00:00Z,52458,13.41
15.72,15.96,12.96,5678,13.92,2022-01-20T05:00:00Z,208648,14.46
12.24,19.68,12.24,22807,15.6,2022-01-21T05:00:00Z,1078963,16.44
10.32,11.39,9.36,2515,11.28,2022-01-24T05:00:00Z,113090,10.42
10.47,10.92,10.32,930,10.56,2022-01-25T05:00:00Z,26380,10.48
9.636,10.68,9.636,1627,10.32,2022-01-26T05:00:00Z,46278,10.13
8.578,9.994,8.4,1478,9.1,2022-01-27T05:00:00Z,50110,9.074
8.892,9.6,8.28,1030,8.591,2022-01-28T05:00:00Z,46554,8.735
9.182,9.72,8.76,424,8.904,2022-01-31T05:00:00Z,13707,9.151
10.09,10.2,8.88,326,8.906,2022-02-01T05:00:00Z,8736,9.633
10.68,11.11,9.84,969,10.16,2022-02-02T05:00:00Z,23397,10.47
9.46,10.68,9.46,342,10.68,2022-02-03T05:00:00Z,9932,9.876
10.61,10.61,9.6,778,9.6,2022-02-04T05:00:00Z,23189,10.16
10.46,10.67,10.01,166,10.03,2022-02-07T05:00:00Z,3048,10.2
10.2,10.46,9.84,239,10.2,2022-02-08T05:00:00Z,5794,10.03
10.51,10.51,9.84,277,10.2,2022-02-09T05:00:00Z,4653,10.24
10.44,10.92,9.96,258,9.96,2022-02-10T05:00:00Z,6123,10.46
9.9,10.8,9.84,409,10.32,2022-02-11T05:00:00Z,10745,9.638
8.521,10.2,8.28,803,10.2,2022-02-14T05:00:00Z,24319,8.772
8.669,8.76,8.52,335,8.665,2022-02-15T05:00:00Z,8700,8.663
8.701,8.964,8.52,294,8.64,2022-02-16T05:00:00Z,9091,8.696
8.52,8.964,8.384,334,8.76,2022-02-17T05:00:00Z,7866,8.603
8.476,8.64,8.28,282,8.64,2022-02-18T05:00:00Z,5542,8.462
8.342,8.4,7.448,450,7.448,2022-02-22T05:00:00Z,15608,7.949
8.281,8.88,8.04,188,8.4,2022-02-23T05:00:00Z,8849,8.394
7.86,8.136,6.612,482,7.2,2022-02-24T05:00:00Z,20001,7.444
7.967,8.267,7.624,177,7.624,2022-02-25T05:00:00Z,3076,7.893
7.921,8.551,7.74,166,8.4,2022-02-28T05:00:00Z,3783,8.097
7.822,7.872,7.512,226,7.684,2022-03-01T05:00:00Z,7743,7.681
7.68,7.822,7.454,319,7.822,2022-03-02T05:00:00Z,4279,7.645
7.68,7.92,7.562,214,7.808,2022-03-03T05:00:00Z,6648,7.749
7.295,7.772,7.116,269,7.772,2022-03-04T05:00:00Z,6882,7.296
6.426,7.32,6.36,565,7.2,2022-03-07T05:00:00Z,16969,6.704
6.211,6.48,4.956,905,6.0,2022-03-08T05:00:00Z,42493,5.892
6.548,6.816,6.211,259,6.211,2022-03-09T05:00:00Z,5347,6.549
6.455,7.2,6.241,319,6.6,2022-03-10T05:00:00Z,4701,6.492
6.836,6.912,6.48,136,6.732,2022-03-11T05:00:00Z,4079,6.754
6.246,7.08,6.174,295,7.08,2022-03-14T04:00:00Z,7457,6.675
6.374,6.72,6.25,100,6.598,2022-03-15T04:00:00Z,1589,6.504
6.542,6.96,6.062,243,6.667,2022-03-16T04:00:00Z,2886,6.472
6.492,6.611,6.137,231,6.518,2022-03-17T04:00:00Z,5352,6.432
6.936,7.039,6.24,390,6.492,2022-03-18T04:00:00Z,15173,6.641
7.07,7.2,6.6,320,6.617,2022-03-21T04:00:00Z,6360,6.988
7.1,7.198,6.725,314,7.198,2022-03-22T04:00:00Z,10085,7.021
7.37,8.712,6.734,818,7.198,2022-03-23T04:00:00Z,46548,7.866
7.176,7.764,6.727,314,7.614,2022-03-24T04:00:00Z,10243,7.183
6.994,7.2,6.786,118,7.2,2022-03-25T04:00:00Z,2461,6.98
7.051,7.954,6.6,297,7.954,2022-03-28T04:00:00Z,8360,7.09
7.093,7.428,7.092,156,7.32,2022-03-29T04:00:00Z,2338,7.212
7.176,7.403,6.359,337,7.403,2022-03-30T04:00:00Z,8210,6.897
6.84,7.426,6.84,176,6.96,2022-03-31T04:00:00Z,3911,6.955
6.787,7.176,6.784,125,6.784,2022-04-01T04:00:00Z,2304,6.891
6.96,7.199,6.787,203,7.016,2022-04-04T04:00:00Z,3907,6.959
6.7,7.12,6.686,153,6.86,2022-04-05T04:00:00Z,3268,6.896
6.703,7.152,6.692,113,7.152,2022-04-06T04:00:00Z,2340,6.811
6.51,6.78,6.51,158,6.616,2022-04-07T04:00:00Z,2618,6.645
6.168,6.779,6.12,268,6.66,2022-04-08T04:00:00Z,6838,6.413
6.18,6.336,6.012,206,6.013,2022-04-11T04:00:00Z,8263,6.126
6.48,6.755,6.18,187,6.192,2022-04-12T04:00:00Z,23708,6.527
6.631,7.92,6.48,277,6.72,2022-04-13T04:00:00Z,21186,7.28
8.039,8.52,6.828,486,6.828,2022-04-14T04:00:00Z,20874,7.972
6.986,8.039,6.88,313,8.039,2022-04-18T04:00:00Z,10655,7.469
7.44,7.8,6.852,187,6.96,2022-04-19T04:00:00Z,6510,7.533
7.276,7.44,6.59,188,6.59,2022-04-20T04:00:00Z,8120,6.74
7.698,8.096,7.283,184,7.284,2022-04-21T04:00:00Z,4519,7.664
7.925,8.149,7.283,218,8.149,2022-04-22T04:00:00Z,12249,7.756
8.101,8.384,7.324,260,8.04,2022-04-25T04:00:00Z,11879,7.922
7.492,7.726,7.322,156,7.697,2022-04-26T04:00:00Z,9159,7.518
7.92,8.964,7.372,448,7.372,2022-04-27T04:00:00Z,16970,8.36
8.076,8.108,7.421,97,7.841,2022-04-28T04:00:00Z,1586,7.74
8.004,8.28,7.729,86,8.16,2022-04-29T04:00:00Z,850,8.069
8.221,8.28,7.444,205,7.444,2022-05-02T04:00:00Z,7059,7.918
7.691,8.279,7.68,201,8.279,2022-05-03T04:00:00Z,3592,7.826
7.548,8.04,7.322,151,8.012,2022-05-04T04:00:00Z,4710,7.507
7.018,7.549,6.874,209,6.994,2022-05-05T04:00:00Z,6000,7.118
6.965,7.572,6.382,194,7.08,2022-05-06T04:00:00Z,9052,6.803
5.85,7.176,5.4,228,7.176,2022-05-09T04:00:00Z,13621,6.108
7.517,7.775,5.52,424,5.675,2022-05-10T04:00:00Z,19058,6.982
7.415,7.487,6.349,175,7.291,2022-05-11T04:00:00Z,10337,7.036
7.385,7.553,6.48,781,7.193,2022-05-12T04:00:00Z,23617,6.978
7.303,7.56,6.84,355,7.201,2022-05-13T04:00:00Z,5246,7.189
7.322,7.668,7.2,72,7.668,2022-05-16T04:00:00Z,1158,7.29
7.202,7.56,7.2,176,7.201,2022-05-17T04:00:00Z,4020,7.252
7.345,7.345,7.021,87,7.021,2022-05-18T04:00:00Z,2903,7.205
7.348,7.44,7.08,34,7.1,2022-05-19T04:00:00Z,283,7.224
6.96,7.321,6.828,72,7.176,2022-05-20T04:00:00Z,1680,7.13
6.751,7.112,6.708,58,6.96,2022-05-23T04:00:00Z,779,6.886
7.397,7.44,6.6,109,6.6,2022-05-24T04:00:00Z,3756,7.056
6.659,7.68,6.438,233,7.56,2022-05-25T04:00:00Z,8768,7.275
7.013,7.403,6.749,191,7.403,2022-05-26T04:00:00Z,4917,7.131
6.949,7.182,6.949,85,7.063,2022-05-27T04:00:00Z,1470,6.972
7.202,7.44,6.74,98,6.74,2022-05-31T04:00:00Z,2009,6.992
6.96,7.199,6.941,105,7.199,2022-06-01T04:00:00Z,1037,6.997
7.321,7.44,6.505,310,6.505,2022-06-02T04:00:00Z,3688,7.206
7.283,7.44,7.201,111,7.44,2022-06-03T04:00:00Z,573,7.244
7.157,7.2,6.96,324,7.2,2022-06-06T04:00:00Z,2786,7.164
6.943,7.2,6.762,415,6.762,2022-06-07T04:00:00Z,6886,6.96
6.96,6.96,6.06,223,6.06,2022-06-08T04:00:00Z,12131,6.551
7.386,7.44,6.6,256,6.751,2022-06-09T04:00:00Z,3623,6.937
6.72,7.44,6.241,131,7.19,2022-06-10T04:00:00Z,2595,6.801
6.284,6.949,6.24,150,6.42,2022-06-13T04:00:00Z,3757,6.51
6.12,7.38,6.0,217,7.38,2022-06-14T04:00:00Z,4701,6.262
6.06,7.078,6.001,149,7.078,2022-06-15T04:00:00Z,2532,6.226
6.24,6.746,6.08,198,6.307,2022-06-16T04:00:00Z,2602,6.329
5.76,6.599,5.642,335,6.463,2022-06-17T04:00:00Z,6110,5.868
6.24,6.24,5.863,139,5.863,2022-06-21T04:00:00Z,2493,6.072
6.401,6.415,5.881,118,5.892,2022-06-22T04:00:00Z,2334,6.18
6.24,6.504,6.163,201,6.427,2022-06-23T04:00:00Z,2077,6.385
5.16,6.48,5.16,151,6.24,2022-06-24T04:00:00Z,5520,5.751
6.122,6.168,5.76,153,6.0,2022-06-27T04:00:00Z,3860,6.023
5.866,6.103,5.722,145,6.103,2022-06-28T04:00:00Z,2347,5.881
5.737,6.09,5.532,92,5.874,2022-06-29T04:00:00Z,1849,5.721
5.52,5.976,5.52,166,5.737,2022-06-30T04:00:00Z,2941,5.732
5.124,5.796,5.04,269,5.496,2022-07-01T04:00:00Z,7780,5.245
5.294,5.76,4.92,159,4.92,2022-07-05T04:00:00Z,4814,5.306
5.653,5.748,5.04,134,5.352,2022-07-06T04:00:00Z,1933,5.414
5.856,5.975,5.16,104,5.975,2022-07-07T04:00:00Z,2909,5.808
5.641,6.109,5.641,92,6.054,2022-07-08T04:00:00Z,1740,5.832
5.64,6.046,5.292,212,6.046,2022-07-11T04:00:00Z,2795,5.605
5.88,6.212,5.16,325,5.339,2022-07-12T04:00:00Z,14478,5.922
5.754,5.903,5.55,108,5.903,2022-07-13T04:00:00Z,4086,5.73
5.759,6.029,5.52,101,5.522,2022-07-14T04:00:00Z,2830,5.55
5.623,5.952,5.52,121,5.88,2022-07-15T04:00:00Z,1430,5.739
5.312,5.724,5.28,139,5.724,2022-07-18T04:00:00Z,3455,5.52
5.36,5.76,5.314,186,5.52,2022-07-19T04:00:00Z,2239,5.481
5.311,5.788,5.28,237,5.28,2022-07-20T04:00:00Z,3559,5.405
5.172,5.584,5.159,228,5.284,2022-07-21T04:00:00Z,6491,5.275
5.208,5.747,4.944,58,4.944,2022-07-22T04:00:00Z,1489,5.183
5.341,5.516,4.966,76,4.966,2022-07-25T04:00:00Z,900,5.249
5.324,5.372,5.074,75,5.306,2022-07-26T04:00:00Z,1070,5.258
5.233,5.311,5.046,64,5.083,2022-07-27T04:00:00Z,1019,5.148
5.278,5.372,5.16,228,5.16,2022-07-28T04:00:00Z,1990,5.299
5.52,5.713,5.193,100,5.372,2022-07-29T04:00:00Z,1123,5.398
5.47,5.544,5.281,132,5.544,2022-08-01T04:00:00Z,979,5.497
5.44,5.52,5.162,222,5.438,2022-08-02T04:00:00Z,2196,5.613
5.164,5.76,5.052,403,5.185,2022-08-03T04:00:00Z,10696,5.52
6.24,6.36,5.164,561,5.28,2022-08-04T04:00:00Z,15452,5.887
6.463,6.463,6.01,184,6.359,2022-08-05T04:00:00Z,4340,6.329
6.464,6.659,6.463,175,6.599,2022-08-08T04:00:00Z,2614,6.563
6.431,6.431,5.794,91,5.794,2022-08-09T04:00:00Z,2683,5.928
7.08,7.187,6.24,205,6.834,2022-08-10T04:00:00Z,6669,6.771
6.6,7.439,6.253,178,7.434,2022-08-11T04:00:00Z,3422,6.969
7.196,7.2,6.6,78,6.6,2022-08-12T04:00:00Z,1621,6.967
6.932,7.14,6.72,125,6.769,2022-08-15T04:00:00Z,2367,7.002
6.72,7.243,6.304,72,7.243,2022-08-16T04:00:00Z,1251,6.812
6.24,6.959,6.0,166,6.959,2022-08-17T04:00:00Z,3744,6.321
6.371,6.838,6.371,61,6.838,2022-08-18T04:00:00Z,557,6.658
6.242,6.36,5.88,138,6.24,2022-08-19T04:00:00Z,2162,6.176
7.586,7.667,6.24,460,6.24,2022-08-22T04:00:00Z,17529,7.226
8.972,10.2,7.8,735,8.268,2022-08-23T04:00:00Z,29144,8.919
10.68,10.8,9.12,2691,9.6,2022-08-24T04:00:00Z,82587,9.918
10.32,12.6,9.06,2286,11.76,2022-08-25T04:00:00Z,81007,10.55
9.12,12.0,8.42,1812,12.0,2022-08-26T04:00:00Z,71206,10.6
9.98,10.46,9.12,891,9.486,2022-08-29T04:00:00Z,24474,9.83
4.846,5.638,4.58,8754,5.53,2022-08-30T04:00:00Z,281892,5.14
4.8,4.944,4.62,2305,4.846,2022-08-31T04:00:00Z,50466,4.804
4.258,4.69,3.6,1542,4.65,2022-09-01T04:00:00Z,60130,4.355
4.42,4.44,3.96,602,4.066,2022-09-02T04:00:00Z,25113,4.235
4.2,4.44,4.104,360,4.2,2022-09-06T04:00:00Z,15204,4.249
4.44,4.44,4.26,332,4.26,2022-09-07T04:00:00Z,10319,4.325
4.303,4.68,3.96,433,4.649,2022-09-08T04:00:00Z,14734,4.27
4.319,4.44,4.205,331,4.26,2022-09-09T04:00:00Z,7542,4.295
4.195,4.439,4.02,380,4.235,2022-09-12T04:00:00Z,13192,4.237
4.104,4.259,4.08,243,4.2,2022-09-13T04:00:00Z,10047,4.162
4.042,4.2,3.961,362,4.08,2022-09-14T04:00:00Z,17435,4.057
4.286,4.32,4.08,344,4.32,2022-09-15T04:00:00Z,20016,4.199
4.123,4.2,4.092,226,4.188,2022-09-16T04:00:00Z,6464,4.151
3.84,4.2,3.736,394,4.013,2022-09-19T04:00:00Z,20111,3.998
3.794,3.947,3.612,345,3.802,2022-09-20T04:00:00Z,15273,3.713
3.6,3.852,3.48,294,3.852,2022-09-21T04:00:00Z,18512,3.624
3.181,3.654,3.0,585,3.413,2022-09-22T04:00:00Z,38250,3.32
3.286,3.286,3.06,331,3.286,2022-09-23T04:00:00Z,17093,3.149
3.48,3.48,3.241,196,3.286,2022-09-26T04:00:00Z,7516,3.343
3.299,3.48,3.24,118,3.48,2022-09-27T04:00:00Z,5778,3.418
3.217,3.36,3.12,273,3.299,2022-09-28T04:00:00Z,10525,3.202
3.18,3.476,3.121,424,3.476,2022-09-29T04:00:00Z,5492,3.19
2.892,3.216,2.88,360,3.013,2022-09-30T04:00:00Z,13672,2.979
2.966,3.096,2.88,222,2.882,2022-10-03T04:00:00Z,9092,2.908
3.175,3.371,2.93,330,3.118,2022-10-04T04:00:00Z,11793,3.131
3.384,3.42,3.12,156,3.12,2022-10-05T04:00:00Z,6028,3.291
3.271,3.36,3.122,146,3.24,2022-10-06T04:00:00Z,3687,3.24
3.18,3.3,3.18,75,3.282,2022-10-07T04:00:00Z,1715,3.239
3.23,3.24,3.18,93,3.18,2022-10-10T04:00:00Z,1309,3.225
2.882,3.24,2.882,267,3.223,2022-10-11T04:00:00Z,8990,3.144
2.897,3.0,2.882,115,2.998,2022-10-12T04:00:00Z,3702,2.924
2.653,2.921,2.644,520,2.904,2022-10-13T04:00:00Z,10771,2.748
2.53,2.737,2.53,414,2.653,2022-10-14T04:00:00Z,10511,2.658
2.687,2.759,2.532,362,2.7,2022-10-17T04:00:00Z,6652,2.651
2.788,3.227,2.64,851,3.12,2022-10-18T04:00:00Z,21728,2.834
2.76,3.0,2.64,386,2.82,2022-10-19T04:00:00Z,20349,2.811
2.652,2.905,2.64,345,2.76,2022-10-20T04:00:00Z,6553,2.716
2.666,2.833,2.64,159,2.64,2022-10-21T04:00:00Z,2037,2.719
2.592,2.738,2.521,117,2.738,2022-10-24T04:00:00Z,5916,2.583
2.765,2.879,2.611,180,2.857,2022-10-25T04:00:00Z,4622,2.743
2.76,2.879,2.64,117,2.64,2022-10-26T04:00:00Z,2484,2.798
2.879,2.879,2.706,98,2.879,2022-10-27T04:00:00Z,1322,2.828
2.77,2.88,2.761,130,2.821,2022-10-28T04:00:00Z,7414,2.79
2.924,2.976,2.76,134,2.76,2022-10-31T04:00:00Z,4741,2.869
2.898,3.102,2.81,152,2.999,2022-11-01T04:00:00Z,7403,2.936
2.886,3.102,2.821,102,2.88,2022-11-02T04:00:00Z,2751,2.98
2.923,2.988,2.845,181,2.988,2022-11-03T04:00:00Z,1156,2.918
2.891,2.993,2.85,109,2.923,2022-11-04T04:00:00Z,4328,2.876
3.094,3.095,2.88,197,2.88,2022-11-07T05:00:00Z,7566,3.025
3.001,3.119,3.001,98,3.119,2022-11-08T05:00:00Z,3010,3.091
2.85,3.119,2.85,104,3.0,2022-11-09T05:00:00Z,3409,2.967
2.958,3.119,2.85,122,3.119,2022-11-10T05:00:00Z,1572,2.908
2.902,3.106,2.821,211,3.106,2022-11-11T05:00:00Z,7439,2.949
3.06,3.06,2.88,101,2.88,2022-11-14T05:00:00Z,3819,2.973
3.18,3.359,3.06,154,3.06,2022-11-15T05:00:00Z,5563,3.169
3.179,3.419,2.892,188,3.256,2022-11-16T05:00:00Z,5338,3.142
3.178,3.178,3.0,80,3.178,2022-11-17T05:00:00Z,862,3.14
3.056,3.12,3.0,67,3.12,2022-11-18T05:00:00Z,1813,3.079
2.52,3.054,2.435,574,3.0,2022-11-21T05:00:00Z,17290,2.687
2.508,2.849,2.508,279,2.842,2022-11-22T05:00:00Z,10753,2.599
2.64,2.804,2.52,131,2.64,2022-11-23T05:00:00Z,3109,2.66
2.758,2.854,2.67,63,2.76,2022-11-25T05:00:00Z,1548,2.752
2.544,2.928,2.46,314,2.894,2022-11-28T05:00:00Z,12793,2.664
3.186,3.24,2.678,651,2.728,2022-11-29T05:00:00Z,18605,2.986
3.6,3.96,3.223,1396,3.36,2022-11-30T05:00:00Z,59721,3.756
3.919,4.14,3.6,518,3.742,2022-12-01T05:00:00Z,25961,3.919
3.775,4.08,3.42,260,4.08,2022-12-02T05:00:00Z,6297,3.765
3.743,3.953,3.478,487,3.776,2022-12-05T05:00:00Z,6957,3.793
3.347,3.953,3.12,362,3.709,2022-12-06T05:00:00Z,9802,3.381
3.12,3.36,3.005,355,3.36,2022-12-07T05:00:00Z,7147,3.143
2.94,3.151,2.88,433,3.0,2022-12-08T05:00:00Z,3483,2.99
2.821,3.001,2.761,277,3.0,2022-12-09T05:00:00Z,7248,2.928
3.72,4.08,2.692,3164,3.6,2022-12-12T05:00:00Z,232820,4.358
3.24,4.92,2.88,10912,4.2,2022-12-13T05:00:00Z,460451,4.523
3.113,3.57,2.652,1692,2.753,2022-12-14T05:00:00Z,95036,2.998
2.761,3.113,2.76,850,3.113,2022-12-15T05:00:00Z,31584,2.868
2.641,3.12,2.641,773,2.844,2022-12-16T05:00:00Z,30313,2.83
2.7,2.92,2.52,557,2.87,2022-12-19T05:00:00Z,19214,2.697
2.898,3.083,2.618,569,2.819,2022-12-20T05:00:00Z,19605,2.906
3.0,3.12,2.598,558,2.818,2022-12-21T05:00:00Z,14534,2.962
2.758,3.096,2.663,285,3.06,2022-12-22T05:00:00Z,11063,2.772
2.64,2.758,2.626,378,2.754,2022-12-23T05:00:00Z,9870,2.654
2.387,2.76,2.28,561,2.64,2022-12-27T05:00:00Z,32214,2.42
2.28,2.46,2.184,760,2.315,2022-12-28T05:00:00Z,36525,2.342
2.376,2.458,2.184,532,2.279,2022-12-29T05:00:00Z,25302,2.299
2.101,2.46,2.016,646,2.398,2022-12-30T05:00:00Z,32034,2.182
2.16,2.304,2.1,580,2.16,2023-01-03T05:00:00Z,21453,2.223
2.471,2.508,2.16,498,2.202,2023-01-04T05:00:00Z,9748,2.379
2.519,2.544,2.304,296,2.498,2023-01-05T05:00:00Z,8994,2.451
2.431,2.544,2.328,303,2.544,2023-01-06T05:00:00Z,5806,2.423
2.434,2.52,2.401,256,2.46,2023-01-09T05:00:00Z,8748,2.451
2.699,2.76,2.401,239,2.544,2023-01-10T05:00:00Z,7156,2.612
2.7,2.88,2.64,246,2.712,2023-01-11T05:00:00Z,14782,2.716
3.12,3.468,2.652,800,2.784,2023-01-12T05:00:00Z,46661,3.134
3.72,3.96,3.278,962,3.36,2023-01-13T05:00:00Z,29600,3.649
2.976,3.96,2.953,838,3.96,2023-01-17T05:00:00Z,40208,3.197
3.164,3.36,2.988,561,2.988,2023-01-18T05:00:00Z,24882,3.24
3.92,6.36,3.51,41016,3.667,2023-01-19T05:00:00Z,2416125,4.896
3.421,3.63,3.064,3482,3.3,2023-01-20T05:00:00Z,178349,3.35
2.999,3.47,1.56,2713,3.47,2023-01-23T05:00:00Z,119312,2.808
3.18,3.36,2.705,1151,2.909,2023-01-24T05:00:00Z,43703,3.013
3.358,3.36,2.88,866,3.36,2023-01-25T05:00:00Z,38907,3.178
3.372,4.8,3.12,5156,3.48,2023-01-26T05:00:00Z,407420,3.828
4.133,4.548,3.36,5766,3.6,2023-01-27T05:00:00Z,476953,4.028
4.692,5.22,3.72,3615,4.019,2023-01-30T05:00:00Z,217600,4.517
4.68,5.22,4.32,2611,4.8,2023-01-31T05:00:00Z,133412,4.778
4.164,4.559,3.888,2056,4.32,2023-02-01T05:00:00Z,130082,4.212
3.9,4.44,3.72,1396,4.292,2023-02-02T05:00:00Z,66003,4.097
4.505,4.716,3.9,2562,4.094,2023-02-03T05:00:00Z,154011,4.34
4.558,5.64,4.44,3683,5.026,2023-02-06T05:00:00Z,260705,5.042
4.002,4.919,3.96,1642,4.74,2023-02-07T05:00:00Z,74505,4.408
4.859,5.04,4.092,2593,4.176,2023-02-08T05:00:00Z,152450,4.551
4.32,5.221,4.2,1465,5.04,2023-02-09T05:00:00Z,109410,4.686
3.54,4.32,3.24,1616,4.32,2023-02-10T05:00:00Z,139543,3.61
3.368,3.808,3.09,1229,3.739,2023-02-13T05:00:00Z,64768,3.282
6.118,9.353,5.521,215065,8.77,2023-02-14T05:00:00Z,13092474,7.153
4.848,5.569,4.624,27669,5.134,2023-02-15T05:00:00Z,1075144,5.045
5.04,5.401,4.536,14552,4.847,2023-02-16T05:00:00Z,528759,4.997
4.324,5.04,4.093,5090,5.04,2023-02-17T05:00:00Z,221509,4.553
4.133,4.68,3.728,15848,4.324,2023-02-21T05:00:00Z,330048,4.355
2.62,3.52,2.62,6710,3.25,2023-02-22T05:00:00Z,500082,3.139577
2.42,2.75,2.41,1998,2.71,2023-02-23T05:00:00Z,220668,2.571374
2.64,2.68,2.3,2212,2.42,2023-02-24T05:00:00Z,209817,2.524675
2.72,2.78,2.51,1626,2.68,2023-02-27T05:00:00Z,170471,2.655855
2.98,3.2099,2.6595,1918,2.8,2023-02-28T05:00:00Z,323816,2.966427
2.84,3.07,2.74,869,3.0,2023-03-01T05:00:00Z,101952,2.906829
3.0,3.1989,2.7001,879,2.81,2023-03-02T05:00:00Z,168208,2.976095
3.06,3.3,3.0,1053,3.0,2023-03-03T05:00:00Z,220611,3.135897
3.2,3.295,3.07,683,3.17,2023-03-06T05:00:00Z,79098,3.202445
3.1,3.2068,3.08,2563,3.14,2023-03-07T05:00:00Z,44472,3.138672
3.11,3.19,3.02,791,3.1,2023-03-08T05:00:00Z,61455,3.110453
2.85,3.1963,2.83,608,3.12,2023-03-09T05:00:00Z,56220,2.999599
2.8021,2.8967,2.75,562,2.85,2023-03-10T05:00:00Z,71362,2.818041
2.74,2.8,2.66,502,2.8,2023-03-13T04:00:00Z,58048,2.722124
2.78,2.8667,2.76,403,2.76,2023-03-14T04:00:00Z,32448,2.792772
2.72,2.9,2.51,604,2.73,2023-03-15T04:00:00Z,71287,2.694841
2.83,2.86,2.71,417,2.73,2023-03-16T04:00:00Z,43037,2.788021
2.41,2.83,2.41,406,2.83,2023-03-17T04:00:00Z,67787,2.520779
2.5,2.69,2.39,541,2.48,2023-03-20T04:00:00Z,98030,2.522464
2.7,2.7399,2.535,330,2.6,2023-03-21T04:00:00Z,49029,2.659953
2.6,2.76,2.5301,237,2.76,2023-03-22T04:00:00Z,25677,2.598887
2.43,2.65,2.375,451,2.65,2023-03-23T04:00:00Z,42059,2.477539
2.45,2.45,2.3901,207,2.41,2023-03-24T04:00:00Z,12191,2.425906
2.4476,2.4999,2.43,198,2.46,2023-03-27T04:00:00Z,11644,2.46375
2.36,2.4764,2.33,306,2.45,2023-03-28T04:00:00Z,26703,2.393349
2.4,2.46,2.29,300,2.44,2023-03-29T04:00:00Z,23579,2.338196
2.31,2.49,2.31,214,2.39,2023-03-30T04:00:00Z,18756,2.390632
2.61,2.7,2.28,1092,2.37,2023-03-31T04:00:00Z,286946,2.594511
4.69,5.03,2.7,22533,2.72,2023-04-03T04:00:00Z,5268638,4.283273
3.45,4.36,3.24,6149,4.19,2023-04-04T04:00:00Z,1195942,3.833758
3.0,3.27,2.86,1649,3.08,2023-04-05T04:00:00Z,218416,3.055562
3.57,4.24,3.02,8300,3.11,2023-04-06T04:00:00Z,1890950,3.786314
3.8,4.43,3.5573,3765,3.58,2023-04-10T04:00:00Z,742842,3.939947
3.16,3.94,3.08,1603,3.857,2023-04-11T04:00:00Z,269064,3.453403
3.53,3.73,3.17,2071,3.17,2023-04-12T04:00:00Z,509948,3.47962
4.78,5.402,3.67,20831,3.67,2023-04-13T04:00:00Z,4637548,4.81067
4.77,5.4,4.5084,4547,4.75,2023-04-14T04:00:00Z,806395,4.946636
4.42,5.0,4.3001,1923,4.77,2023-04-17T04:00:00Z,278099,4.641465
3.8,4.6375,3.75,4046,4.42,2023-04-18T04:00:00Z,581377,4.258423
3.94,4.06,3.69,1243,3.91,2023-04-19T04:00:00Z,165582,3.873786
3.74,4.1999,3.7001,1672,4.0,2023-04-20T04:00:00Z,215208,3.951493
3.4,3.91,3.39,1179,3.74,2023-04-21T04:00:00Z,180516,3.559683
3.38,3.59,3.28,642,3.41,2023-04-24T04:00:00Z,81254,3.379239
3.74,3.79,3.36,866,3.43,2023-04-25T04:00:00Z,114584,3.596434
3.85,4.09,3.71,652,3.71,2023-04-26T04:00:00Z,82157,3.877141
4.47,4.65,3.9,3659,4.03,2023-04-27T04:00:00Z,681722,4.347156
3.79,4.7399,3.695,2671,4.7,2023-04-28T04:00:00Z,380512,4.20745
3.75,3.895,3.52,1093,3.74,2023-05-01T04:00:00Z,134125,3.705379
3.41,3.82,3.33,969,3.65,2023-05-02T04:00:00Z,151036,3.516909
3.76,3.8891,3.36,674,3.36,2023-05-03T04:00:00Z,95671,3.643744
3.82,3.89,3.63,592,3.88,2023-05-04T04:00:00Z,78755,3.808963
4.05,4.13,3.8,506,3.91,2023-05-05T04:00:00Z,70041,3.971564
3.76,4.1319,3.705,382,3.93,2023-05-08T04:00:00Z,48313,3.912604
3.69,3.9651,3.69,894,3.71,2023-05-09T04:00:00Z,88200,3.803594
3.64,3.8985,3.57,1002,3.73,2023-05-10T04:00:00Z,102330,3.759909
3.68,3.69,3.51,429,3.61,2023-05-11T04:00:00Z,32041,3.62783
3.49,3.7,3.45,1081,3.69,2023-05-12T04:00:00Z,77993,3.536499
3.82,3.94,3.5,574,3.51,2023-05-15T04:00:00Z,62422,3.727439
3.89,4.0999,3.6,996,3.82,2023-05-16T04:00:00Z,100957,3.88765
3.77,3.9899,3.7001,557,3.84,2023-05-17T04:00:00Z,65207,3.839334
4.22,4.49,3.74,1310,3.87,2023-05-18T04:00:00Z,236738,4.138575
3.96,4.2988,3.89,468,4.26,2023-05-19T04:00:00Z,37932,4.08361
4.6,4.87,3.93,2808,4.1,2023-05-22T04:00:00Z,463270,4.609014
5.25,5.77,4.7,8193,5.48,2023-05-23T04:00:00Z,998154,5.217081
4.85,5.19,4.62,1638,5.1,2023-05-24T04:00:00Z,188927,4.925464
4.48,5.2299,4.47,1505,5.13,2023-05-25T04:00:00Z,204907,4.81251
4.48,4.65,4.25,717,4.62,2023-05-26T04:00:00Z,79222,4.421201
4.37,4.98,4.15,1555,4.6,2023-05-30T04:00:00Z,251326,4.478688
4.45,4.48,4.03,710,4.26,2023-05-31T04:00:00Z,87782,4.272097
4.4,4.6,4.26,486,4.44,2023-06-01T04:00:00Z,64950,4.389548
4.35,4.56,4.23,516,4.41,2023-06-02T04:00:00Z,47323,4.398245
3.99,4.47,3.93,737,4.42,2023-06-05T04:00:00Z,77884,4.126842
3.69,4.15,3.68,1080,4.09,2023-06-06T04:00:00Z,183336,3.884299
3.84,3.85,3.661,672,3.85,2023-06-07T04:00:00Z,81750,3.762058
3.87,3.99,3.7105,630,3.98,2023-06-08T04:00:00Z,84747,3.835104
3.88,3.96,3.7619,340,3.96,2023-06-09T04:00:00Z,28289,3.863461
4.0,4.18,3.7684,451,3.84,2023-06-12T04:00:00Z,80205,4.042162
4.07,4.1199,3.9,484,4.06,2023-06-13T04:00:00Z,67366,4.003202
3.91,4.1,3.91,333,4.1,2023-06-14T04:00:00Z,46219,3.950039
3.95,4.029,3.8336,484,4.01,2023-06-15T04:00:00Z,44777,3.943963
3.96,4.05,3.8956,238,4.05,2023-06-16T04:00:00Z,23518,3.955194
3.94,4.04,3.85,362,4.03,2023-06-20T04:00:00Z,38640,3.947732
3.86,3.99,3.82,293,3.95,2023-06-21T04:00:00Z,28950,3.91934
3.93,4.0256,3.82,437,3.9,2023-06-22T04:00:00Z,37356,3.934524
3.94,3.97,3.76,267,3.96,2023-06-23T04:00:00Z,22702,3.896023
3.82,4.0,3.77,288,3.98,2023-06-26T04:00:00Z,28540,3.87739
3.77,3.89,3.66,276,3.81,2023-06-27T04:00:00Z,29079,3.759119
3.51,3.9881,3.47,2079,3.97,2023-06-28T04:00:00Z,309330,3.943881
3.49,3.51,3.28,479,3.51,2023-06-29T04:00:00Z,60007,3.392811
3.61,3.68,3.5,330,3.55,2023-06-30T04:00:00Z,44267,3.607621
3.7,3.8,3.55,207,3.64,2023-07-03T04:00:00Z,19986,3.646268
3.85,3.93,3.66,1678,3.68,2023-07-05T04:00:00Z,125781,3.79707
3.94,4.0399,3.7101,1104,3.85,2023-07-06T04:00:00Z,144858,3.893681
4.0,4.2,3.85,510,3.95,2023-07-07T04:00:00Z,58422,3.992511
4.18,4.19,4.0212,1138,4.15,2023-07-10T04:00:00Z,125019,4.108242
3.87,4.19,3.87,764,4.15,2023-07-11T04:00:00Z,79511,4.078689
4.09,4.15,3.91,427,3.92,2023-07-12T04:00:00Z,36658,4.028055
3.97,4.12,3.93,434,4.01,2023-07-13T04:00:00Z,73281,3.986062
3.7,3.98,3.65,396,3.94,2023-07-14T04:00:00Z,33195,3.769194
3.56,3.7603,3.53,375,3.71,2023-07-17T04:00:00Z,48673,3.630056
3.82,3.82,3.62,306,3.62,2023-07-18T04:00:00Z,24858,3.732326
4.07,4.07,3.85,313,3.85,2023-07-19T04:00:00Z,43855,3.964161
3.89,4.12,3.85,296,4.12,2023-07-20T04:00:00Z,25184,3.964281
3.75,3.92,3.74,357,3.83,2023-07-21T04:00:00Z,29564,3.807391
3.7,3.891,3.66,273,3.82,2023-07-24T04:00:00Z,29276,3.728032
3.72,3.7648,3.66,219,3.71,2023-07-25T04:00:00Z,14454,3.723678
3.75,3.76,3.6701,198,3.76,2023-07-26T04:00:00Z,11557,3.728624
3.68,3.8,3.65,173,3.8,2023-07-27T04:00:00Z,15670,3.71209
3.71,3.71,3.61,152,3.68,2023-07-28T04:00:00Z,7911,3.662718
3.89,3.9899,3.76,277,3.89,2023-07-31T04:00:00Z,79316,3.875925
3.98,3.99,3.85,263,3.86,2023-08-01T04:00:00Z,35061,3.905808
3.94,3.9899,3.84,166,3.96,2023-08-02T04:00:00Z,20267,3.91828
4.08,4.08,3.8301,256,3.97,2023-08-03T04:00:00Z,23203,3.995553
3.99,4.12,3.955,293,4.12,2023-08-04T04:00:00Z,43911,4.061462
3.79,4.02,3.77,259,3.99,2023-08-07T04:00:00Z,21155,3.917095
3.8,3.8584,3.72,158,3.75,2023-08-08T04:00:00Z,17050,3.767306
3.72,3.7933,3.7,171,3.75,2023-08-09T04:00:00Z,10957,3.742334
3.86,3.8813,3.7101,108,3.75,2023-08-10T04:00:00Z,4998,3.76923
3.74,3.9226,3.74,129,3.77,2023-08-11T04:00:00Z,4291,3.802293
3.71,3.99,3.65,192,3.83,2023-08-14T04:00:00Z,11208,3.737967
3.53,3.765,3.4201,682,3.66,2023-08-15T04:00:00Z,40011,3.574151
3.36,3.52,3.29,273,3.51,2023-08-16T04:00:00Z,27721,3.391044
3.15,3.36,3.11,206,3.36,2023-08-17T04:00:00Z,14882,3.213508
3.14,3.2473,3.08,88,3.08,2023-08-18T04:00:00Z,5425,3.165662
3.17,3.28,3.1316,131,3.25,2023-08-21T04:00:00Z,7896,3.220659
3.08,3.29,3.05,277,3.27,2023-08-22T04:00:00Z,28026,3.146418
3.229,3.2661,3.08,166,3.19,2023-08-23T04:00:00Z,12514,3.257384
3.23,3.365,3.06,237,3.365,2023-08-24T04:00:00Z,13846,3.158141
3.11,3.2199,3.1,120,3.18,2023-08-25T04:00:00Z,8202,3.132734
3.09,3.1189,3.04,160,3.11,2023-08-28T04:00:00Z,10875,3.073125
2.89,3.08,2.89,256,3.066,2023-08-29T04:00:00Z,17075,2.982804
2.99,3.06,2.8,290,2.84,2023-08-30T04:00:00Z,16271,2.901943
2.64,3.01,2.63,454,3.0,2023-08-31T04:00:00Z,30662,2.76193
2.59,2.705,2.4,329,2.61,2023-09-01T04:00:00Z,40380,2.537396
2.54,2.6199,2.5,105,2.5,2023-09-05T04:00:00Z,8831,2.589358
2.6,2.68,2.53,181,2.62,2023-09-06T04:00:00Z,12883,2.601037
2.55,2.585,2.51,132,2.57,2023-09-07T04:00:00Z,14059,2.548969
2.65,2.65,2.54,69,2.54,2023-09-08T04:00:00Z,5280,2.581473
2.48,2.6501,2.48,203,2.6,2023-09-11T04:00:00Z,15835,2.566956
2.5745,2.64,2.5,108,2.5,2023-09-12T04:00:00Z,6953,2.551796
2.55,2.67,2.55,89,2.59,2023-09-13T04:00:00Z,6073,2.612487
2.5899,2.62,2.52,120,2.52,2023-09-14T04:00:00Z,7933,2.563881
2.49,2.55,2.42,176,2.53,2023-09-15T04:00:00Z,9812,2.485828
2.51,2.63,2.49,94,2.63,2023-09-18T04:00:00Z,5804,2.54044
2.52,2.61,2.45,99,2.45,2023-09-19T04:00:00Z,7432,2.504105
2.5,2.6,2.5,99,2.525,2023-09-20T04:00:00Z,6532,2.550333
2.48,2.5626,2.48,78,2.54,2023-09-21T04:00:00Z,4347,2.511703
2.45,2.58,2.43,134,2.58,2023-09-22T04:00:00Z,14021,2.498589
2.45,2.48,2.4209,71,2.48,2023-09-25T04:00:00Z,5244,2.442984
2.4653,2.5339,2.44,99,2.47,2023-09-26T04:00:00Z,5463,2.464388
2.47,2.5223,2.42,103,2.42,2023-09-27T04:00:00Z,7988,2.458055
2.58,2.58,2.42,107,2.52,2023-09-28T04:00:00Z,14003,2.517093
2.55,2.605,2.5001,103,2.54,2023-09-29T04:00:00Z,9751,2.568355
2.53,2.5542,2.52,107,2.52,2023-10-02T04:00:00Z,7233,2.538959
2.52,2.61,2.41,76,2.49,2023-10-03T04:00:00Z,6903,2.526754
2.58,2.6,2.49,68,2.49,2023-10-04T04:00:00Z,4770,2.545853
2.51,2.57,2.51,68,2.55,2023-10-05T04:00:00Z,4946,2.530236
2.52,2.55,2.51,51,2.55,2023-10-06T04:00:00Z,2301,2.539936
2.485,2.59,2.475,80,2.59,2023-10-09T04:00:00Z,5178,2.51953
2.6255,2.6999,2.43,125,2.43,2023-10-10T04:00:00Z,12459,2.611009
2.64,2.7233,2.53,94,2.69,2023-10-11T04:00:00Z,6107,2.646309
2.75,2.87,2.5495,135,2.8,2023-10-12T04:00:00Z,14229,2.754438
2.67,2.75,2.67,40,2.74,2023-10-13T04:00:00Z,3617,2.715278
2.78,2.8699,2.65,127,2.65,2023-10-16T04:00:00Z,6907,2.747505
2.71,2.8267,2.64,145,2.81,2023-10-17T04:00:00Z,8177,2.730692
2.56,2.7388,2.54,97,2.73,2023-10-18T04:00:00Z,7033,2.635071
2.47,2.56,2.4,151,2.5599,2023-10-19T04:00:00Z,9179,2.499548
2.41,2.63,2.3836,58,2.51,2023-10-20T04:00:00Z,8631,2.487167
2.48,2.575,2.48,108,2.56,2023-10-23T04:00:00Z,2555,2.530985
2.4964,2.5864,2.3901,176,2.3901,2023-10-24T04:00:00Z,7627,2.451895
2.41,2.5164,2.39,82,2.5164,2023-10-25T04:00:00Z,5377,2.44725
2.27,2.42,2.2,189,2.42,2023-10-26T04:00:00Z,23754,2.262694
2.16,2.235,2.16,79,2.21,2023-10-27T04:00:00Z,3299,2.202716
2.1106,2.22,2.11,118,2.17,2023-10-30T04:00:00Z,10176,2.163958
2.1,2.15,1.955,167,2.1001,2023-10-31T04:00:00Z,20104,2.028119
2.065,2.17,2.05,73,2.17,2023-11-01T04:00:00Z,4692,2.074673
2.1116,2.18,2.06,168,2.15,2023-11-02T04:00:00Z,26518,2.131044
2.2,2.2,2.07,170,2.0701,2023-11-03T04:00:00Z,7864,2.129145
2.225,2.25,2.1499,137,2.21,2023-11-06T05:00:00Z,15174,2.199591
2.37,2.37,2.1601,99,2.18,2023-11-07T05:00:00Z,4002,2.296961
2.28,2.37,2.2501,62,2.36,2023-11-08T05:00:00Z,5349,2.334692
2.24,2.35,2.1,97,2.35,2023-11-09T05:00:00Z,12051,2.195505
2.1489,2.2899,2.11,108,2.265,2023-11-10T05:00:00Z,8263,2.182395
2.05,2.15,2.05,181,2.12,2023-11-13T05:00:00Z,14123,2.089479
2.115,2.1676,2.08,108,2.12,2023-11-14T05:00:00Z,13072,2.12458
2.22,2.28,2.11,133,2.11,2023-11-15T05:00:00Z,20957,2.199578
2.17,2.28,2.16,130,2.2,2023-11-16T05:00:00Z,19219,2.220289
2.16,2.33,2.16,100,2.18,2023-11-17T05:00:00Z,13153,2.240927
2.07,2.1769,2.0633,182,2.16,2023-11-20T05:00:00Z,16807,2.120547
1.9841,2.1,1.97,153,2.1,2023-11-21T05:00:00Z,13717,2.034396
1.935,2.04,1.92,105,1.95,2023-11-22T05:00:00Z,11604,1.951763
1.91,1.9509,1.91,75,1.95,2023-11-24T05:00:00Z,4977,1.932641
1.94,1.98,1.91,96,1.91,2023-11-27T05:00:00Z,10694,1.946517
1.93,2.02,1.92,160,1.97,2023-11-28T05:00:00Z,33052,1.958157
1.92,2.03,1.92,135,2.03,2023-11-29T05:00:00Z,13666,1.960237
1.92,1.97,1.91,145,1.94,2023-11-30T05:00:00Z,20080,1.929989
1.97,1.99,1.9101,103,1.9278,2023-12-01T05:00:00Z,11852,1.951789
2.04,2.0499,1.96,153,1.99,2023-12-04T05:00:00Z,19584,2.000445
1.95,2.08,1.95,110,2.08,2023-12-05T05:00:00Z,13040,1.987448
1.9,1.96,1.9,176,1.95,2023-12-06T05:00:00Z,10528,1.922511
1.88,1.99,1.8688,90,1.99,2023-12-07T05:00:00Z,10040,1.893435
1.93,1.94,1.87,113,1.94,2023-12-08T05:00:00Z,6306,1.909776
1.93,1.96,1.9,87,1.95,2023-12-11T05:00:00Z,6200,1.929898
1.94,1.98,1.76,1807,1.83,2023-12-12T05:00:00Z,212016,2.067698
1.81,1.94,1.74,227,1.94,2023-12-13T05:00:00Z,24882,1.842588
1.77,1.87,1.75,342,1.87,2023-12-14T05:00:00Z,29582,1.948549
1.79,1.8,1.72,446,1.78,2023-12-15T05:00:00Z,46790,1.790737
1.788,1.8,1.76,104,1.76,2023-12-18T05:00:00Z,15362,1.775263
1.83,1.85,1.74,143,1.769,2023-12-19T05:00:00Z,9455,1.79218
1.8101,1.89,1.8101,135,1.83,2023-12-20T05:00:00Z,8801,1.851007
2.3899,2.44,1.85,701,1.9,2023-12-21T05:00:00Z,144281,2.183809
2.39,2.4993,2.23,171,2.35,2023-12-22T05:00:00Z,16960,2.333953
2.35,2.43,2.285,185,2.37,2023-12-26T05:00:00Z,15400,2.353884
2.41,2.4792,2.3001,148,2.4,2023-12-27T05:00:00Z,39840,2.382641
2.6195,2.6195,2.36,200,2.36,2023-12-28T05:00:00Z,25728,2.531705
2.25,2.79,2.25,402,2.79,2023-12-29T05:00:00Z,72300,2.49137
2.5099,2.57,2.312,141,2.35,2024-01-02T05:00:00Z,8857,2.48111
2.38,2.495,2.2511,108,2.47,2024-01-03T05:00:00Z,7251,2.381449
2.355,2.4599,2.33,73,2.43,2024-01-04T05:00:00Z,5049,2.4064
2.5599,2.575,2.31,169,2.31,2024-01-05T05:00:00Z,23741,2.46238
2.895,3.11,2.5575,369,2.56,2024-01-08T05:00:00Z,63448,2.870027
2.99,3.1981,2.9,316,2.9,2024-01-09T05:00:00Z,47346,3.035994
3.2105,3.3,2.9822,283,3.04,2024-01-10T05:00:00Z,23379,3.129368
2.8999,3.4,2.8577,311,3.34,2024-01-11T05:00:00Z,26167,3.060238
2.86,2.89,2.56,199,2.89,2024-01-12T05:00:00Z,18936,2.789755
2.73,2.88,2.65,126,2.88,2024-01-16T05:00:00Z,11515,2.801404
2.39,2.63,2.2501,286,2.54,2024-01-17T05:00:00Z,36690,2.480611
2.4145,2.4145,2.265,85,2.2859,2024-01-18T05:00:00Z,5620,2.368167
2.23,2.41,2.21,203,2.41,2024-01-19T05:00:00Z,29705,2.275702
2.175,2.25,2.08,74,2.25,2024-01-22T05:00:00Z,4824,2.171287
2.17,2.181,2.07,185,2.07,2024-01-23T05:00:00Z,16392,2.138618
2.25,2.295,2.1511,381,2.16,2024-01-24T05:00:00Z,30521,2.217265
2.34,2.34,2.21,195,2.21,2024-01-25T05:00:00Z,6563,2.258091
2.35,2.45,2.2952,101,2.34,2024-01-26T05:00:00Z,5097,2.33118
2.491,2.859,2.26,390,2.26,2024-01-29T05:00:00Z,27320,2.648724
2.58,2.67,2.36,286,2.42,2024-01-30T05:00:00Z,29249,2.458338
2.35,2.65,2.35,160,2.46,2024-01-31T05:00:00Z,11797,2.433138
2.33,2.5,2.3,168,2.36,2024-02-01T05:00:00Z,24067,2.375833
2.3999,2.44,2.2858,233,2.43,2024-02-02T05:00:00Z,25161,2.345176
2.34,2.42,2.2701,80,2.42,2024-02-05T05:00:00Z,17863,2.277182
2.345,2.4,2.27,103,2.3,2024-02-06T05:00:00Z,7244,2.308029
2.3,2.35,2.25,73,2.28,2024-02-07T05:00:00Z,5564,2.282503
2.37,2.42,2.3015,87,2.3015,2024-02-08T05:00:00Z,6783,2.382233
2.32,2.43,2.2579,174,2.43,2024-02-09T05:00:00Z,27242,2.329589
2.4299,2.4299,2.29,121,2.32,2024-02-12T05:00:00Z,13404,2.385074
2.6699,2.72,2.4275,291,2.43,2024-02-13T05:00:00Z,56995,2.607237
2.59,2.66,2.5,141,2.66,2024-02-14T05:00:00Z,12093,2.555769
2.45,2.5765,2.44,116,2.5478,2024-02-15T05:00:00Z,9541,2.502223
2.485,2.62,2.36,96,2.55,2024-02-16T05:00:00Z,9568,2.493579
2.45,2.6001,2.335,81,2.5,2024-02-20T05:00:00Z,5197,2.463645
2.36,2.52,2.36,59,2.52,2024-02-21T05:00:00Z,2658,2.453148
2.3,2.49,2.2001,177,2.3465,2024-02-22T05:00:00Z,15838,2.306086
2.01,2.44,2.01,184,2.44,2024-02-23T05:00:00Z,23096,2.163587
2.155,2.24,2.02,89,2.1,2024-02-26T05:00:00Z,6187,2.159765
2.1601,2.33,2.1214,134,2.2167,2024-02-27T05:00:00Z,15088,2.212512
2.105,2.1074,1.9005,2047,2.05,2024-02-28T05:00:00Z,169956,2.376792
2.07,2.1,1.98,162,1.98,2024-02-29T05:00:00Z,17891,2.047529
2.05,2.09,1.9534,142,2.0617,2024-03-01T05:00:00Z,11398,2.037978
1.985,2.2,1.96,504,2.02,2024-03-04T05:00:00Z,73821,2.131707
1.955,1.99,1.9,129,1.99,2024-03-05T05:00:00Z,17717,1.935653
2.07,2.09,1.979,193,1.98,2024-03-06T05:00:00Z,20311,2.030188
2.05,2.1,2.0,98,2.07,2024-03-07T05:00:00Z,19224,2.044874
2.03,2.129,1.96,95,2.02,2024-03-08T05:00:00Z,9553,2.017029
2.06,2.1512,2.0,3643,2.0,2024-03-11T04:00:00Z,475352,2.686422
2.13,2.17,1.85,1453,2.03,2024-03-12T04:00:00Z,178835,1.974174
2.11,2.29,2.01,262,2.15,2024-03-13T04:00:00Z,32939,2.18684
2.1,2.18,2.05,118,2.08,2024-03-14T04:00:00Z,9590,2.092525
2.26,2.38,2.05,296,2.14,2024-03-15T04:00:00Z,37214,2.227979
2.41,2.4536,2.3,282,2.39,2024-03-18T04:00:00Z,28993,2.390994
2.33,2.43,2.2115,200,2.43,2024-03-19T04:00:00Z,12116,2.345659
2.298,2.34,2.2327,81,2.34,2024-03-20T04:00:00Z,6449,2.275586
2.28,2.38,2.28,124,2.29,2024-03-21T04:00:00Z,20461,2.324429
2.09,2.2515,2.065,200,2.2515,2024-03-22T04:00:00Z,33032,2.142074
2.16,2.19,2.08,115,2.08,2024-03-25T04:00:00Z,10411,2.135752
2.1501,2.205,2.13,81,2.19,2024-03-26T04:00:00Z,6904,2.164465
2.1234,2.1786,2.05,127,2.145,2024-03-27T04:00:00Z,23129,2.128719
2.23,2.26,2.16,110,2.16,2024-03-28T04:00:00Z,11521,2.208235
2.32,2.5,2.1588,190,2.5,2024-04-01T04:00:00Z,31720,2.386712
2.31,2.425,2.27,92,2.37,2024-04-02T04:00:00Z,5270,2.331689
2.25,2.36,2.2,92,2.28,2024-04-03T04:00:00Z,24079,2.277394
2.32,2.33,2.17,98,2.25,2024-04-04T04:00:00Z,7930,2.266979
2.245,2.32,2.2143,59,2.3,2024-04-05T04:00:00Z,5740,2.245449
2.15,2.21,2.09,99,2.21,2024-04-08T04:00:00Z,14052,2.135185
2.1735,2.2,2.12,76,2.19,2024-04-09T04:00:00Z,5871,2.169581
2.155,2.155,2.1,41,2.1,2024-04-10T04:00:00Z,2575,2.125624
2.03,2.13,2.02,87,2.1088,2024-04-11T04:00:00Z,12767,2.062733
2.1038,2.1313,1.9717,73,2.02,2024-04-12T04:00:00Z,6767,2.034591
1.9501,2.1,1.95,100,2.05,2024-04-15T04:00:00Z,10862,1.988568
2.0,2.1155,1.95,68,1.95,2024-04-16T04:00:00Z,7039,1.990698
1.96,1.9737,1.95,62,1.96,2024-04-17T04:00:00Z,6005,1.963445
1.9503,2.06,1.95,48,2.06,2024-04-18T04:00:00Z,4873,2.011132
1.9099,1.93,1.9,97,1.9,2024-04-19T04:00:00Z,10275,1.915201
1.88,1.9768,1.8501,108,1.9768,2024-04-22T04:00:00Z,21551,1.905624
2.0,2.0,1.85,119,1.88,2024-04-23T04:00:00Z,13110,1.915373
3.35,4.34,2.96,438550,3.8,2024-04-24T04:00:00Z,70566626,3.552234
3.5,3.61,2.91,9342,3.05,2024-04-25T04:00:00Z,1712845,3.279329
3.3,3.5801,3.25,2437,3.41,2024-04-26T04:00:00Z,382274,3.397417
3.36,3.5,3.18,1960,3.31,2024-04-29T04:00:00Z,210889,3.405483
3.49,3.49,3.15,926,3.41,2024-04-30T04:00:00Z,185484,3.309972
3.55,3.55,3.2372,512,3.44,2024-05-01T04:00:00Z,84096,3.410639
3.45,3.58,3.43,405,3.52,2024-05-02T04:00:00Z,69332,3.495581
3.31,3.498,3.09,485,3.31,2024-05-03T04:00:00Z,73152,3.279814
3.13,3.3399,3.0467,374,3.24,2024-05-06T04:00:00Z,42164,3.149087
3.14,3.245,3.07,187,3.07,2024-05-07T04:00:00Z,18486,3.153817
3.24,3.3,3.08,453,3.08,2024-05-08T04:00:00Z,55949,3.237118
3.32,3.34,3.2,137,3.29,2024-05-09T04:00:00Z,22157,3.288331
3.54,3.68,3.31,966,3.32,2024-05-10T04:00:00Z,151895,3.544506
3.45,3.5145,3.2501,257,3.4,2024-05-13T04:00:00Z,46142,3.386906
3.54,3.54,3.03,285,3.04,2024-05-14T04:00:00Z,27761,3.349369
3.4901,3.55,3.4447,154,3.55,2024-05-15T04:00:00Z,17763,3.485031
3.46,3.5189,3.38,301,3.38,2024-05-16T04:00:00Z,24317,3.446036
3.77,3.78,3.35,380,3.42,2024-05-17T04:00:00Z,45274,3.65449
3.58,3.76,3.55,256,3.76,2024-05-20T04:00:00Z,43234,3.633075
3.45,3.5799,3.42,136,3.51,2024-05-21T04:00:00Z,22146,3.477428
3.34,3.49,3.3,122,3.45,2024-05-22T04:00:00Z,9834,3.377777
3.42,3.45,3.27,617,3.27,2024-05-23T04:00:00Z,13863,3.386926
3.47,3.48,3.3,768,3.35,2024-05-24T04:00:00Z,9450,3.410201
3.52,3.6098,3.33,250,3.4,2024-05-28T04:00:00Z,20499,3.518108
3.7,3.7832,3.4425,175,3.46,2024-05-29T04:00:00Z,18692,3.608636
3.65,3.75,3.59,267,3.63,2024-05-30T04:00:00Z,15989,3.703345
3.69,3.7492,3.5483,227,3.56,2024-05-31T04:00:00Z,9613,3.626189
3.74,3.7587,3.5,246,3.62,2024-06-03T04:00:00Z,27677,3.644758
3.66,3.7422,3.37,122,3.67,2024-06-04T04:00:00Z,13097,3.652306
3.33,3.7,3.33,333,3.59,2024-06-05T04:00:00Z,20075,3.559779
3.49,3.71,3.36,717,3.36,2024-06-06T04:00:00Z,79825,3.555783
3.4,3.45,3.3913,103,3.45,2024-06-07T04:00:00Z,13518,3.430736
3.36,3.438,3.36,343,3.4,2024-06-10T04:00:00Z,3024,3.396149
3.13,3.32,3.0303,205,3.29,2024-06-11T04:00:00Z,28554,3.167168
3.4216,3.49,3.03,213,3.25,2024-06-12T04:00:00Z,22046,3.298192
3.16,3.36,3.08,218,3.36,2024-06-13T04:00:00Z,6455,3.180837
2.8,3.19,2.75,188,3.19,2024-06-14T04:00:00Z,13705,2.901146
2.95,3.3,2.72,268,3.3,2024-06-17T04:00:00Z,27897,3.111976
2.875,3.1022,2.76,324,2.99,2024-06-18T04:00:00Z,6700,2.973903
2.875,3.17,2.83,177,2.83,2024-06-20T04:00:00Z,11128,2.950378
2.79,2.94,2.7,119,2.85,2024-06-21T04:00:00Z,15407,2.78087
2.71,2.8,2.71,61,2.72,2024-06-24T04:00:00Z,5790,2.717198
2.8224,2.8224,2.7472,130,2.8,2024-06-25T04:00:00Z,7514,2.806467
2.675,2.7999,2.6001,150,2.789,2024-06-26T04:00:00Z,7513,2.715577
2.77,2.79,2.7,96,2.75,2024-06-27T04:00:00Z,4510,2.75209
3.0,3.14,2.89,163,2.89,2024-06-28T04:00:00Z,16255,2.996654
2.945,3.18,2.9202,151,3.0144,2024-07-01T04:00:00Z,6189,3.054285
2.85,2.94,2.77,87,2.94,2024-07-02T04:00:00Z,5444,2.831507
2.86,2.9,2.85,60,2.9,2024-07-03T04:00:00Z,2650,2.872483
2.8512,2.95,2.7201,89,2.95,2024-07-05T04:00:00Z,12284,2.855556
2.82,2.83,2.81,112,2.81,2024-07-08T04:00:00Z,4036,2.816513
2.8,2.94,2.75,62,2.94,2024-07-09T04:00:00Z,3788,2.860983
2.75,2.86,2.74,51,2.76,2024-07-10T04:00:00Z,2851,2.78193
2.6167,2.76,2.6,142,2.76,2024-07-11T04:00:00Z,14828,2.763217
2.635,2.69,2.5,70,2.51,2024-07-12T04:00:00Z,3269,2.548178
2.69,2.69,2.6,177,2.62,2024-07-15T04:00:00Z,3651,2.64211
2.68,2.7512,2.6,127,2.7512,2024-07-16T04:00:00Z,9821,2.659425
2.6,2.73,2.6,164,2.73,2024-07-17T04:00:00Z,5008,2.637711
2.54,2.585,2.5,65,2.585,2024-07-18T04:00:00Z,3075,2.554143
2.5187,2.55,2.5,84,2.5005,2024-07-19T04:00:00Z,3252,2.528939
2.53,2.58,2.52,64,2.55,2024-07-22T04:00:00Z,5568,2.545894
2.64,2.64,2.5395,76,2.5395,2024-07-23T04:00:00Z,7435,2.564027
2.68,2.75,2.63,66,2.63,2024-07-24T04:00:00Z,5379,2.671589
2.59,2.74,2.59,60,2.6501,2024-07-25T04:00:00Z,15051,2.698045
2.61,2.64,2.58,43,2.58,2024-07-26T04:00:00Z,1219,2.617
2.73,2.7999,2.5,210,2.67,2024-07-29T04:00:00Z,28019,2.763485
2.68,2.7,2.5101,158,2.7,2024-07-30T04:00:00Z,10410,2.642124
2.75,2.9499,2.68,420,2.692,2024-07-31T04:00:00Z,13520,2.749057
2.88,2.95,2.7362,82,2.88,2024-08-01T04:00:00Z,5100,2.890857
2.5249,2.77,2.52,70,2.77,2024-08-02T04:00:00Z,4098,2.679344
